{
  "Micro": {
    "optimal_batch_size": 4,
    "samples_per_second": 67.75453764191236,
    "memory_usage": 3.4691357612609863,
    "ngf": 32,
    "ndf": 32,
    "n_layers": 3
  },
  "Small": {
    "optimal_batch_size": 4,
    "samples_per_second": 39.618896484951534,
    "memory_usage": 4.889060974121094,
    "ngf": 48,
    "ndf": 48,
    "n_layers": 3
  },
  "Standard": {
    "optimal_batch_size": 4,
    "samples_per_second": 39.67671590659431,
    "memory_usage": 4.073238372802734,
    "ngf": 64,
    "ndf": 64,
    "n_layers": 4
  },
  "Large": {
    "optimal_batch_size": 4,
    "samples_per_second": 23.012580560826528,
    "memory_usage": 6.1142778396606445,
    "ngf": 96,
    "ndf": 96,
    "n_layers": 4
  },
  "best_config": "Micro",
  "best_batch_size": 4
}